Workbook

Sheet r_names
A1: r_name | B1: ChemicalClass | C1: HMDB
A2: =AnalysisResults!A2 -> acetoacetic_acid | B2: Organic acids | C2: HMDB0000060
A3: =AnalysisResults!A3 -> adenosine | B3: Nucleoside | C3: HMDB0000050
A4: =AnalysisResults!A4 -> alanine | B4: Amino Acids | C4: HMDB0000161
A5: =AnalysisResults!A5 -> allantoin | B5: Azoles | C5: HMDB0000462
A6: =AnalysisResults!A6 -> alpha_aminoadipic_acid | B6: Amino acid - related | C6: HMDB0000510
A7: =AnalysisResults!A7 -> alpha_aminobutyric_acid | B7: Amino acid - related | C7: HMDB0000452
A8: =AnalysisResults!A8 -> alpha_ketoglutaric_acid | B8: Organic acids | C8: HMDB0000208
A9: =AnalysisResults!A9 -> alpha_ketoisovaleric_acid | B9: Organic acids | C9: HMDB0000019
A10: =AnalysisResults!A10 -> arginine | B10: Amino Acids | C10: HMDB0000517
A11: =AnalysisResults!A11 -> argininic_acid | B11: Organic acids | C11: HMDB0003148
A12: =AnalysisResults!A12 -> asparagine | B12: Amino Acids | C12: HMDB0000168
A13: =AnalysisResults!A13 -> aspartic_acid | B13: Organic acids | C13: HMDB0000191
... A462: =AnalysisResults!A462 -> xanthine | B462: Nucleobases | C462: HMDB0000292

Sheet AnalysisResults
A1: Variable | B1: Mean_WHO | C1: Mean_MD | D1: Diff_in_Means | E1: tStatistic | F1: abs(tStat) | G1: P_value | H1: P_adjusted | I1: HMDB (de BBHI?)
A2: acetoacetic_acid | B2: -0.6207736 | C2: 0.19877894 | D2: -0.81955254 | E2: -1.8831302 | F2: =ABS(E2) -> 1.8831302 | G2: 0.074676098 | H2: 0.85353762
A3: adenosine | B3: -0.00056709686 | C3: 0.10890692 | D3: -0.10947402 | E3: -0.70405118 | F3: =ABS(E3) -> 0.70405118 | G3: 0.48853707 | H3: 0.90870509
A4: alanine | B4: -0.11535125 | C4: 0.059206633 | D4: -0.17455788 | E4: -0.91497146 | F4: =ABS(E4) -> 0.91497146 | G4: 0.37207081 | H4: 0.90870509 | I4: HMDB0000161
A5: allantoin | B5: -0.0033396336 | C5: -0.10024881 | D5: 0.096909177 | E5: 0.66274733 | F5: =ABS(E5) -> 0.66274733 | G5: 0.51358476 | H5: 0.90870509 | I5: HMDB0000462
A6: alpha_aminoadipic_acid | B6: -0.15707524 | C6: 0.071336442 | D6: -0.22841169 | E6: -1.0689571 | F6: =ABS(E6) -> 1.0689571 | G6: 0.29462196 | H6: 0.88875384 | I6: HMDB0000510
A7: alpha_aminobutyric_acid | B7: 0.0507059 | C7: -0.048033602 | D7: 0.098739502 | E7: 0.55639591 | F7: =ABS(E7) -> 0.55639591 | G7: 0.58275698 | H7: 0.92003756 | I7: HMDB0000452
A8: alpha_ketoglutaric_acid | B8: -0.34261349 | C8: -0.066872022 | D8: -0.27574146 | E8: -1.1875967 | F8: =ABS(E8) -> 1.1875967 | G8: 0.24329914 | H8: 0.88875384 | I8: HMDB0000208
A9: alpha_ketoisovaleric_acid | B9: -0.27066091 | C9: -0.025941787 | D9: -0.24471912 | E9: -1.1711368 | F9: =ABS(E9) -> 1.1711368 | G9: 0.2494125 | H9: 0.88875384 | I9: HMDB0000019
A10: arginine | B10: -0.055407544 | C10: -0.1221385 | D10: 0.066730953 | E10: 0.37513944 | F10: =ABS(E10) -> 0.37513944 | G10: 0.71060653 | H10: 0.97415462 | I10: HMDB0000517
A11: argininic_acid | B11: 0.0038549072 | C11: -0.0064498571 | D11: 0.010304764 | E11: 0.20351471 | F11: =ABS(E11) -> 0.20351471 | G11: 0.8400746 | H11: 0.97415462 | I11: HMDB0003148
A12: asparagine | B12: -0.0093429273 | C12: -0.010544195 | D12: 0.0012012678 | E12: 0.0080467908 | F12: =ABS(E12) -> 0.0080467908 | G12: 0.99366494 | H12: 0.99972628 | I12: HMDB0000168
A13: aspartic_acid | B13: -0.15043546 | C13: 0.059458236 | D13: -0.20989369 | E13: -0.83241977 | F13: =ABS(E13) -> 0.83241977 | G13: 0.41493154 | H13: 0.90870509 | I13: HMDB0000191
A14: asymmetric_dimethylarginine | B14: -0.047214691 | C14: -0.012853068 | D14: -0.034361623 | E14: -0.27232302 | F14: =ABS(E14) -> 0.27232302 | G14: 0.78832203 | H14: 0.97415462 | I14: HMDB0001539
A15: asymmetric_dimethylarginine_symmetric_dimethylarginine | B15: -0.054716438 | C15: -0.028229346 | D15: -0.026487092 | E15: -0.1731289 | F15: =ABS(E15) -> 0.1731289 | G15: 0.86436182 | H15: 0.98631386 | I15: HMDB0001539 HMDB0003334
... A21: c4 | B21: 0.09052603 | C21: -0.010750603 | D21: 0.10127663 | E21: 1.1904612 | F21: =ABS(E21) -> 1.1904612 | G21: 0.24722673 | H21: 0.88875384 | I21: HMDB0002013
A22: ce_14_0 | B22: 0.08737979 | C22: -0.043570517 | D22: 0.13095031 | E22: 0.51730488 | F22: =ABS(E22) -> 0.51730488 | G22: 0.60995036 | H22: 0.94358092
A23: ce_14_1 | B23: -0.027404463 | C23: -0.028477091 | D23: 0.0010726272 | E23: 0.0041264162 | F23: =ABS(E23) -> 0.0041264162 | G23: 0.99674108 | H23: 0.99972628
A24: ce_15_0 | B24: 0.080081111 | C24: -0.064853672 | D24: 0.14493478 | E24: 0.58661576 | F24: =ABS(E24) -> 0.58661576 | G24: 0.56364873 | H24: 0.91493685
A25: ce_16_0 | B25: -0.08780234 | C25: -0.039408737 | D25: -0.048393604 | E25: -0.2172883 | F25: =ABS(E25) -> 0.2172883 | G25: 0.83023509 | H25: 0.97415462
A26: ce_16_1 | B26: -0.024656291 | C26: -0.086754792 | D26: 0.062098502 | E26: 0.26111515 | F26: =ABS(E26) -> 0.26111515 | G26: 0.79639889 | H26: 0.97415462 | I26: HMDB0000658
A27: ce_17_0 | B27: 0.0061553081 | C27: -0.090182055 | D27: 0.096337363 | E27: 0.39068677 | F27: =ABS(E27) -> 0.39068677 | G27: 0.69980731 | H27: 0.97415462
A28: ce_17_1 | B28: 0.033527377 | C28: -0.019117172 | D28: 0.052644549 | E28: 0.22287237 | F28: =ABS(E28) -> 0.22287237 | G28: 0.82563014 | H28: 0.97415462
A29: ce_18_0 | B29: -0.095959951 | C29: -0.012396733 | D29: -0.083563218 | E29: -0.36314942 | F29: =ABS(E29) -> 0.36314942 | G29: 0.71995692 | H29: 0.97415462
A30: ce_18_1 | B30: -0.09090911 | C30: -0.011791595 | D30: -0.079117515 | E30: -0.3454119 | F30: =ABS(E30) -> 0.3454119 | G30: 0.7331202 | H30: 0.97415462 | I30: HMDB0000918
A31: ce_18_2 | B31: -0.16620666 | C31: -0.034083043 | D31: -0.13212362 | E31: -0.5733415 | F31: =ABS(E31) -> 0.5733415 | G31: 0.57271767 | H31: 0.91633558 | I31: HMDB0000610
A32: ce_18_3 | B32: 0.014715607 | C32: 0.047558309 | D32: -0.032842702 | E32: -0.12731935 | F32: =ABS(E32) -> 0.12731935 | G32: 0.89976174 | H32: 0.99972628 | I32: HMDB0010369
A33: ce_20_3 | B33: -0.079966259 | C33: -0.077619092 | D33: -0.0023471672 | E33: -0.0095525227 | F33: =ABS(E33) -> 0.0095525227 | G33: 0.9924734 | H33: 0.99972628 | I33: HMDB0006736
A34: ce_20_4 | B34: -0.17007694 | C34: -0.15517792 | D34: -0.014899023 | E34: -0.058816431 | F34: =ABS(E34) -> 0.058816431 | G34: 0.95367724 | H34: 0.99972628 | I34: HMDB0006726
A35: ce_20_5 | B35: -0.14893718 | C35: 0.055889047 | D35: -0.20482623 | E35: -0.85510689 | F35: =ABS(E35) -> 0.85510689 | G35: 0.3992854 | H35: 0.90870509 | I35: HMDB0006731
A36: ce_22_5 | B36: -0.1028857 | C36: -0.1027362 | D36: -0.00014950573 | E36: -0.00064619187 | F36: =ABS(E36) -> 0.00064619187 | G36: 0.9994902 | H36: 0.99972628
A37: ce_22_6 | B37: -0.23210155 | C37: -0.05841997 | D37: -0.17368158 | E37: -0.80043101 | F37: =ABS(E37) -> 0.80043101 | G37: 0.43203419 | H37: 0.90870509 | I37: HMDB0006733
A38: cer_d16_1_22_0 | B38: -0.023267284 | C38: -0.030621894 | D38: 0.00735461 | E38: 0.13499238 | F38: =ABS(E38) -> 0.13499238 | G38: 0.89356227 | H38: 0.99972628
A39: cer_d16_1_24_0 | B39: -0.049107095 | C39: -0.068409084 | D39: 0.019301988 | E39: 0.30736885 | F39: =ABS(E39) -> 0.30736885 | G39: 0.76088391 | H39: 0.97415462
A40: cer_d18_1_16_0 | B40: -0.096444842 | C40: 0.007081212 | D40: -0.10352605 | E40: -0.83250993 | F40: =ABS(E40) -> 0.83250993 | G40: 0.41575115 | H40: 0.90870509 | I40: HMDB0000790
A41: cer_d18_1_18_0 | B41: -0.091937751 | C41: -0.021568789 | D41: -0.070368962 | E41: -0.75743746 | F41: =ABS(E41) -> 0.75743746 | G41: 0.45787511 | H41: 0.90870509
A42: cer_d18_1_22_0 | B42: -0.08100486 | C42: -0.053196243 | D42: -0.027808617 | E42: -0.25462925 | F42: =ABS(E42) -> 0.25462925 | G42: 0.8014264 | H42: 0.97415462 | I42: HMDB0004952
A43: cer_d18_1_23_0 | B43: -0.10644388 | C43: -0.022020571 | D43: -0.084423306 | E43: -0.77884258 | F43: =ABS(E43) -> 0.77884258 | G43: 0.44360483 | H43: 0.90870509 | I43: HMDB0000950
A44: cer_d18_1_24_0 | B44: -0.16748249 | C44: -0.082902032 | D44: -0.08458046 | E44: -0.61006695 | F44: =ABS(E44) -> 0.61006695 | G44: 0.54867492 | H44: 0.90870509 | I44: HMDB0004956
A45: cer_d18_1_24_1 | B45: -0.10031381 | C45: -0.00095788643 | D45: -0.099355928 | E45: -0.71988847 | F45: =ABS(E45) -> 0.71988847 | G45: 0.47921884 | H45: 0.90870509 | I45: HMDB0004953
A46: cer_d18_1_25_0 | B46: -0.19170535 | C46: 0.01915984 | D46: -0.21086519 | E46: -2.1222199 | F46: =ABS(E46) -> 2.1222199 | G46: 0.047203075 | H46: 0.8529366
A47: cer_d18_2_22_0 | B47: -0.079065714 | C47: -0.067794802 | D47: -0.011270912 | E47: -0.18474523 | F47: =ABS(E47) -> 0.18474523 | G47: 0.8549712 | H47: 0.98289707
A48: cer_d18_2_24_0 | B48: -0.09176891 | C48: -0.085689267 | D48: -0.0060796435 | E48: -0.065590862 | F48: =ABS(E48) -> 0.065590862 | G48: 0.94831218 | H48: 0.99972628
A49: cer_d18_2_24_1 | B49: -0.068275527 | C49: -0.0098927912 | D49: -0.058382736 | E49: -0.70224288 | F49: =ABS(E49) -> 0.70224288 | G49: 0.4906313 | H49: 0.90870509 | I49: HMDB0240680
A50: choline | B50: -0.11053595 | C50: 0.091624927 | D50: -0.20216088 | E50: -1.1043688 | F50: =ABS(E50) -> 1.1043688 | G50: 0.28292679 | H50: 0.88875384 | I50: HMDB0000097
A51: cis_aconitic_acid | B51: -0.19651578 | C51: 0.047213735 | D51: -0.24372952 | E51: -1.8215689 | F51: =ABS(E51) -> 1.8215689 | G51: 0.076176023 | H51: 0.85353762 | I51: HMDB0000072
A52: citric_acid | B52: -0.31706611 | C52: -0.075424078 | D52: -0.24164203 | E52: -0.96912945 | F52: =ABS(E52) -> 0.96912945 | G52: 0.34258368 | H52: 0.90870509 | I52: HMDB0000094
A53: citrulline | B53: 0.023990284 | C53: 0.10136212 | D53: -0.077371832 | E53: -0.43068882 | F53: =ABS(E53) -> 0.43068882 | G53: 0.67086442 | H53: 0.97033484 | I53: HMDB0000904
A54: creatine | B54: 0.094172917 | C54: -0.083085219 | D54: 0.17725814 | E54: 1.0196205 | F54: =ABS(E54) -> 1.0196205 | G54: 0.31787649 | H54: 0.88875384 | I54: HMDB0000064
A55: creatinine | B55: 0.0031497206 | C55: -0.033157597 | D55: 0.036307318 | E55: 0.24709029 | F55: =ABS(E55) -> 0.24709029 | G55: 0.80715962 | H55: 0.97415462 | I55: HMDB0000562
A56: cystathionine | B56: -0.04620793 | C56: 0.061341305 | D56: -0.10754923 | E56: -1.2968121 | F56: =ABS(E56) -> 1.2968121 | G56: 0.20163187 | H56: 0.88875384 | I56: HMDB0000099
A57: dg_16_0_18_2 | B57: 0.0043946004 | C57: 0.0051387074 | D57: -0.00074410701 | E57: -0.0057394621 | F57: =ABS(E57) -> 0.0057394621 | G57: 0.99544813 | H57: 0.99972628
A58: dg_16_1_18_2 | B58: -0.062015112 | C58: 0.12447444 | D58: -0.18648955 | E58: -2.3565425 | F58: =ABS(E58) -> 2.3565425 | G58: 0.022861676 | H58: 0.8529366
A59: dg_18_1_18_1 | B59: -0.25793036 | C59: 0.10949268 | D59: -0.36742304 | E59: -1.7009447 | F59: =ABS(E59) -> 1.7009447 | G59: 0.10056966 | H59: 0.85353762 | I59: HMDB0007188
A60: dg_18_1_18_2 | B60: -0.11126931 | C60: 0.0911366 | D60: -0.20240591 | E60: -1.4179593 | F60: =ABS(E60) -> 1.4179593 | G60: 0.16568304 | H60: 0.88875384 | I60: HMDB0007190
A61: dg_18_2_18_2 | B61: 0.11721758 | C61: 0.045729696 | D61: 0.071487886 | E61: 0.37937026 | F61: =ABS(E61) -> 0.37937026 | G61: 0.70777844 | H61: 0.97415462 | I61: HMDB0007248
A62: dimethylglycine | B62: 0.012101479 | C62: 0.065247252 | D62: -0.053145773 | E62: -0.3426078 | F62: =ABS(E62) -> 0.3426078 | G62: 0.73474063 | H62: 0.97415462 | I62: HMDB0000092
A63: ethanolamine | B63: -0.12587996 | C63: -0.021685101 | D63: -0.10419485 | E63: -0.63768915 | F63: =ABS(E63) -> 0.63768915 | G63: 0.53131342 | H63: 0.90870509 | I63: HMDB0000149
A64: ethylmalonic_acid | B64: 0.044718422 | C64: -0.021274345 | D64: 0.065992767 | E64: 0.57226634 | F64: =ABS(E64) -> 0.57226634 | G64: 0.57124017 | H64: 0.91633558 | I64: HMDB0000622
A65: fumaric_acid | B65: -0.12993098 | C65: 0.045894222 | D65: -0.1758252 | E65: -1.3770061 | F65: =ABS(E65) -> 1.3770061 | G65: 0.17635624 | H65: 0.88875384 | I65: HMDB0000134
A66: gamma_aminobutyric_acid | B66: -3.8364511e-05 | C66: -0.0059553376 | D66: 0.0059169731 | E66: 0.047491301 | F66: =ABS(E66) -> 0.047491301 | G66: 0.96244596 | H66: 0.99972628 | I66: HMDB0000510
A67: glutamic_acid | B67: 0.17000738 | C67: 0.020494569 | D67: 0.14951281 | E67: 0.68925213 | F67: =ABS(E67) -> 0.68925213 | G67: 0.49732069 | H67: 0.90870509 | I67: HMDB0000148
A68: glutamine | B68: -0.14257735 | C68: -0.015533017 | D68: -0.12704433 | E68: -0.69426003 | F68: =ABS(E68) -> 0.69426003 | G68: 0.49600543 | H68: 0.90870509 | I68: HMDB0000641
A69: glutaric_acid | B69: -0.046924125 | C69: 0.081472895 | D69: -0.12839702 | E69: -1.0872946 | F69: =ABS(E69) -> 1.0872946 | G69: 0.28270544 | H69: 0.88875384 | I69: HMDB0000661
A70: glyceric_acid | B70: 0.094783901 | C70: -0.061779672 | D70: 0.15656357 | E70: 0.67043384 | F70: =ABS(E70) -> 0.67043384 | G70: 0.50774293 | H70: 0.90870509 | I70: HMDB0000139
... A73: guanidoacetic_acid | B73: -0.17171397 | C73: -0.017670049 | D73: -0.15404392 | E73: -1.1879065 | F73: =ABS(E73) -> 1.1879065 | G73: 0.24144574 | H73: 0.88875384 | I73: HMDB0000128
A74: hex_cer_d16_1_22_0 | B74: -0.095018893 | C74: -0.012371813 | D74: -0.082647081 | E74: -1.2169784 | F74: =ABS(E74) -> 1.2169784 | G74: 0.2361079 | H74: 0.88875384
A75: hex_cer_d18_1_16_0 | B75: -0.13867121 | C75: -0.014633529 | D75: -0.12403768 | E75: -0.90885034 | F75: =ABS(E75) -> 0.90885034 | G75: 0.37520134 | H75: 0.90870509 | I75: HMDB0004971
A76: hex_cer_d18_1_18_0 | B76: -0.075179436 | C76: -0.023257067 | D76: -0.051922369 | E76: -0.66348876 | F76: =ABS(E76) -> 0.66348876 | G76: 0.51571699 | H76: 0.90870509
A77: hex_cer_d18_1_20_0 | B77: -0.060509397 | C77: 0.0070783007 | D77: -0.067587698 | E77: -0.92858253 | F77: =ABS(E77) -> 0.92858253 | G77: 0.36482017 | H77: 0.90870509
A78: hex_cer_d18_1_22_0 | B78: -0.10273794 | C78: -0.017525551 | D78: -0.085212392 | E78: -0.74450687 | F78: =ABS(E78) -> 0.74450687 | G78: 0.46493374 | H78: 0.90870509 | I78: HMDB0004974
A79: hex_cer_d18_1_23_0 | B79: -0.089658173 | C79: 0.0013951805 | D79: -0.091053354 | E79: -0.91638406 | F79: =ABS(E79) -> 0.91638406 | G79: 0.36874084 | H79: 0.90870509
A80: hex_cer_d18_1_24_0 | B80: -0.16978559 | C80: -0.043826823 | D80: -0.12595877 | E80: -1.0234032 | F80: =ABS(E80) -> 1.0234032 | G80: 0.31940108 | H80: 0.88875384 | I80: HMDB0004978
A81: hex_cer_d18_1_24_1 | B81: -0.13577986 | C81: 0.0097384866 | D81: -0.14551835 | E81: -1.0859907 | F81: =ABS(E81) -> 1.0859907 | G81: 0.29009689 | H81: 0.88875384 | I81: HMDB0004975
A82: hex_cer_d18_2_20_0 | B82: -0.075974705 | C82: -0.024314637 | D82: -0.051660068 | E82: -0.89551156 | F82: =ABS(E82) -> 0.89551156 | G82: 0.381536 | H82: 0.90870509
A83: hex_cer_d18_2_22_0 | B83: -0.026682879 | C83: -0.052884786 | D83: 0.026201907 | E83: 0.42900858 | F83: =ABS(E83) -> 0.42900858 | G83: 0.67192345 | H83: 0.97033484
A84: hex_cer_d18_2_23_0 | B84: -0.028954127 | C84: 0.0027691108 | D84: -0.031723238 | E84: -0.50244295 | F84: =ABS(E84) -> 0.50244295 | G84: 0.62076638 | H84: 0.95074186
A85: hex_cer_d18_2_24_0 | B85: -0.10413209 | C85: -9.0003043e-05 | D85: -0.10404209 | E85: -1.4207913 | F85: =ABS(E85) -> 1.4207913 | G85: 0.1694148 | H85: 0.88875384
A86: hex2cer_d18_1_14_0 | B86: 0.017009116 | C86: -0.023545694 | D86: 0.04055481 | E86: 0.59532933 | F86: =ABS(E86) -> 0.59532933 | G86: 0.55783848 | H86: 0.90870509
A87: hex2cer_d18_1_16_0 | B87: -0.065757822 | C87: -0.062235493 | D87: -0.0035223293 | E87: -0.024725052 | F87: =ABS(E87) -> 0.024725052 | G87: 0.98053275 | H87: 0.99972628 | I87: HMDB0006750
A88: hex2cer_d18_1_18_0 | B88: -0.084439903 | C88: -0.041626945 | D88: -0.042812958 | E88: -0.54343409 | F88: =ABS(E88) -> 0.54343409 | G88: 0.59357564 | H88: 0.93043928
A89: hex2cer_d18_1_20_0 | B89: -0.021222725 | C89: -0.023454919 | D89: 0.0022321937 | E89: 0.037836395 | F89: =ABS(E89) -> 0.037836395 | G89: 0.97023167 | H89: 0.99972628
A90: hex2cer_d18_1_22_0 | B90: -0.082894236 | C90: -0.011090735 | D90: -0.071803501 | E90: -1.0067084 | F90: =ABS(E90) -> 1.0067084 | G90: 0.32615108 | H90: 0.88875384
A91: hex2cer_d18_1_24_0 | B91: -0.064051812 | C91: -0.012872163 | D91: -0.051179649 | E91: -0.70735872 | F91: =ABS(E91) -> 0.70735872 | G91: 0.48730196 | H91: 0.90870509
A92: hex2cer_d18_1_24_1 | B92: -0.086506218 | C92: 0.036533705 | D92: -0.12303992 | E92: -1.156531 | F92: =ABS(E92) -> 1.156531 | G92: 0.26093037 | H92: 0.88875384 | I92: HMDB0004872
A93: hex3cer_d18_1_16_0 | B93: -0.033371546 | C93: -0.013248544 | D93: -0.020123002 | E93: -0.18740603 | F93: =ABS(E93) -> 0.18740603 | G93: 0.85335363 | H93: 0.98289707 | I93: HMDB0004879
A94: hex3cer_d18_1_18_0 | B94: -0.057652431 | C94: -0.01817616 | D94: -0.039476272 | E94: -0.76953778 | F94: =ABS(E94) -> 0.76953778 | G94: 0.44776727 | H94: 0.90870509
A95: hex3cer_d18_1_22_0 | B95: -0.023458292 | C95: -0.028468575 | D95: 0.0050102835 | E95: 0.10776221 | F95: =ABS(E95) -> 0.10776221 | G95: 0.91522914 | H95: 0.99972628
A96: hex3cer_d18_1_24_1 | B96: -0.013790002 | C96: 0.01037714 | D96: -0.024167142 | E96: -0.33425155 | F96: =ABS(E96) -> 0.33425155 | G96: 0.74164041 | H96: 0.97415462
A97: hexose | B97: -0.13011374 | C97: -0.064801772 | D97: -0.065311971 | E97: -0.36820899 | F97: =ABS(E97) -> 0.36820899 | G97: 0.71611612 | H97: 0.97415462 | I97: HMDB0000143
A98: hippuric_acid | B98: -0.068121609 | C98: 0.049159226 | D98: -0.11728084 | E98: -0.29796075 | F98: =ABS(E98) -> 0.29796075 | G98: 0.76861312 | H98: 0.97415462 | I98: HMDB0000714
A99: histidine | B99: -0.06630607 | C99: -0.024823951 | D99: -0.041482118 | E99: -0.24276008 | F99: =ABS(E99) -> 0.24276008 | G99: 0.81095512 | H99: 0.97415462 | I99: HMDB0000177
A100: homoarginine | B100: -0.10939549 | C100: -0.074459539 | D100: -0.034935949 | E100: -0.24821993 | F100: =ABS(E100) -> 0.24821993 | G100: 0.80559314 | H100: 0.97415462 | I100: HMDB0000670
A101: hypoxanthine | B101: -0.07970638 | C101: 0.29560872 | D101: -0.3753151 | E101: -1.6435264 | F101: =ABS(E101) -> 1.6435264 | G101: 0.11113378 | H101: 0.85353762 | I101: HMDB0000157
A102: indole | B102: -0.18612769 | C102: -0.14433373 | D102: -0.041793965 | E102: -0.24026811 | F102: =ABS(E102) -> 0.24026811 | G102: 0.81192347 | H102: 0.97415462 | I102: HMDB0000738
A103: indole_3_propionic_acid | B103: -0.19504118 | C103: 0.077703952 | D103: -0.27274513 | E103: -1.9415315 | F103: =ABS(E103) -> 1.9415315 | G103: 0.058939572 | H103: 0.8529366 | I103: HMDB0002302
A104: indolelactic_acid | B104: 0.0036837022 | C104: -0.076577035 | D104: 0.080260737 | E104: 0.74698646 | F104: =ABS(E104) -> 0.74698646 | G104: 0.46001157 | H104: 0.90870509 | I104: HMDB0000671
A105: indoxyl_glucuronide | B105: -0.04619976 | C105: -0.036034689 | D105: -0.010165072 | E105: -0.16080995 | F105: =ABS(E105) -> 0.16080995 | G105: 0.87332352 | H105: 0.99329284
A106: indoxyl_sulfate | B106: 0.0027653086 | C106: -0.1520401 | D106: 0.15480541 | E106: 0.68387713 | F106: =ABS(E106) -> 0.68387713 | G106: 0.49903968 | H106: 0.90870509
A107: isocitric_acid | B107: -0.1207633 | C107: 0.0082409843 | D107: -0.12900429 | E107: -0.82216349 | F107: =ABS(E107) -> 0.82216349 | G107: 0.41571976 | H107: 0.90870509 | I107: HMDB0000193
...
